selected_sites,sels,cle,locus,gs,times,migs,sources,sel_pops,model,sel_pop_ids,neut_cle,n_snps,sweepsize_cM,sweep_rr,sweep_start_bp,sweep_end_bp,sweep_size_bp,mcle,mcle_delta,mcle_nextbest_diff,file_name,populations,type,pop_count,Landraces_count,Teosinte_count,model2
122794938,1e-5,1055484.3187461495,data/rdmc/sweep_freq/v5--sweep--chr1--0--308452471_start124589603_end142536910_pops1-2-3-4-5-6-9-10.txt,0.01584893192461114,100,NA,NA,1-2-3-4-5-6-9-10,standing,v5--LR--Amatlan_de_Canas; v5--LR--Crucero_Lagunitas; v5--LR--Los_Guajes; v5--LR--random1_Palmar_Chico; v5--LR--San_Lorenzo; v5--Teo--Amatlan_de_Canas; v5--Teo--Los_Guajes; v5--Teo--random1_Palmar_Chico,1055482.5455679689,55874,0.22349740744439828,1.6098814166451654e-10,124589603,142536910,17947307,1.773178180679679,0,348.53357062116265,../data/rdmc/fitted/v5--sweep_chr1--0--308452471_start124589603_end142536910_pops1-2-3-4-5-6-9-10.txt,v5--LR--Amatlan_de_Canas; v5--LR--Crucero_Lagunitas; v5--LR--Los_Guajes; v5--LR--RANDOM1_Palmar_Chico; v5--LR--San_Lorenzo; v5--Teo--Amatlan_de_Canas; v5--Teo--Los_Guajes; v5--Teo--RANDOM1_Palmar_Chico,both,8,5,3,standing
147480362.0526316,2.310129700083158e-5,70582.38314906573,data/rdmc/sweep_freq/v5--sweep--chr1--0--308452471_start146566362_end148100444_pops3-6.txt,NA,NA,0.001,6,3-6,migration,v5--LR--Los_Guajes; v5--Teo--Amatlan_de_Canas,70576.31085771056,3764,0.01505689587862946,1.1393425303756369e-10,146566362,148100444,1534082,6.072291355172638,0,15.35144438467978,../data/rdmc/fitted/v5--sweep_chr1--0--308452471_start146566362_end148100444_pops3-6.txt,v5--LR--Los_Guajes; v5--Teo--Amatlan_de_Canas,both,2,1,1,migration
155470437.0526316,1e-5,654073.156897841,data/rdmc/sweep_freq/v5--sweep--chr1--0--308452471_start155142338_end157291991_pops1-4-5.txt,0.001,100,NA,NA,1-4-5,standing,v5--LR--Amatlan_de_Canas; v5--LR--random1_Palmar_Chico; v5--LR--San_Lorenzo,654073.1568978424,34702,0.3053527939100604,1.4171239036285239e-9,155142338,157291991,2149653,-1.3969838619232178e-9,0,3.769803059170954,../data/rdmc/fitted/v5--sweep_chr1--0--308452471_start155142338_end157291991_pops1-4-5.txt,v5--LR--Amatlan_de_Canas; v5--LR--RANDOM1_Palmar_Chico; v5--LR--San_Lorenzo,Maize,3,3,0,neutral
160483345.84210527,1e-5,614005.9519151798,data/rdmc/sweep_freq/v5--sweep--chr1--0--308452471_start160451568_end161685203_pops3-4-5.txt,0.001,100,NA,NA,3-4-5,standing,v5--LR--Los_Guajes; v5--LR--random1_Palmar_Chico; v5--LR--San_Lorenzo,614005.9519631019,33157,0.16618843045570486,1.4010791579674136e-9,160451568,161685203,1233635,-4.7922017984092236e-5,0,44.609422103501856,../data/rdmc/fitted/v5--sweep_chr1--0--308452471_start160451568_end161685203_pops3-4-5.txt,v5--LR--Los_Guajes; v5--LR--RANDOM1_Palmar_Chico; v5--LR--San_Lorenzo,Maize,3,3,0,neutral
171047356.89473686,1e-5,436162.7301081048,data/rdmc/sweep_freq/v5--sweep--chr1--0--308452471_start170885113_end171953932_pops3-4.txt,0.001,100000,NA,NA,3-4,standing,v5--LR--Los_Guajes; v5--LR--random1_Palmar_Chico,436162.56028522825,22813,0.33491241005089023,3.1310933961432134e-9,170885113,171953932,1068819,0.1698228765744716,0,3.343117907003034,../data/rdmc/fitted/v5--sweep_chr1--0--308452471_start170885113_end171953932_pops3-4.txt,v5--LR--Los_Guajes; v5--LR--RANDOM1_Palmar_Chico,Maize,2,2,0,standing
101312825.31578948,2.310129700083158e-5,307380.5001598569,data/rdmc/sweep_freq/v5--sweep--chr10--0--152435371_start101291980_end102090436_pops1-2-3-4.txt,NA,NA,0.1,2,1-2-3-4,migration,v5--LR--Amatlan_de_Canas; v5--LR--Crucero_Lagunitas; v5--LR--Los_Guajes; v5--LR--random1_Palmar_Chico,307377.00968829397,16689,0.3118892559290174,6.026668030498853e-9,101291980,102090436,798456,3.4904715629527345,0,2.092341593641322,../data/rdmc/fitted/v5--sweep_chr10--0--152435371_start101291980_end102090436_pops1-2-3-4.txt,v5--LR--Amatlan_de_Canas; v5--LR--Crucero_Lagunitas; v5--LR--Los_Guajes; v5--LR--RANDOM1_Palmar_Chico,Maize,4,4,0,migration
103063376.21052632,1e-5,500410.32751677965,data/rdmc/sweep_freq/v5--sweep--chr10--0--152435371_start102763501_end104687583_pops1-2-3-4-5.txt,NA,NA,0.1,2,1-2-3-4-5,migration,v5--LR--Amatlan_de_Canas; v5--LR--Crucero_Lagunitas; v5--LR--Los_Guajes; v5--LR--random1_Palmar_Chico; v5--LR--San_Lorenzo,500406.2840014356,26449,0.10579616191841268,3.000084910150388e-9,102763501,104687583,1924082,4.043515344033949,0,2.400985715969,../data/rdmc/fitted/v5--sweep_chr10--0--152435371_start102763501_end104687583_pops1-2-3-4-5.txt,v5--LR--Amatlan_de_Canas; v5--LR--Crucero_Lagunitas; v5--LR--Los_Guajes; v5--LR--RANDOM1_Palmar_Chico; v5--LR--San_Lorenzo,Maize,5,5,0,migration
108769516,1e-5,766872.0042586236,data/rdmc/sweep_freq/v5--sweep--chr10--0--152435371_start105358865_end108474410_pops1-2-3-4-5.txt,NA,NA,0.1,2,1-2-3-4-5,migration,v5--LR--Amatlan_de_Canas; v5--LR--Crucero_Lagunitas; v5--LR--Los_Guajes; v5--LR--random1_Palmar_Chico; v5--LR--San_Lorenzo,766871.4306892551,41013,0.16405122914514436,5.408693435836872e-10,105358865,108474410,3115545,0.5735693684546277,0,0.28481259488034993,../data/rdmc/fitted/v5--sweep_chr10--0--152435371_start105358865_end108474410_pops1-2-3-4-5.txt,v5--LR--Amatlan_de_Canas; v5--LR--Crucero_Lagunitas; v5--LR--Los_Guajes; v5--LR--RANDOM1_Palmar_Chico; v5--LR--San_Lorenzo,Maize,5,5,0,migration
112911560.63157897,1e-5,683045.1649445193,data/rdmc/sweep_freq/v5--sweep--chr10--0--152435371_start112775411_end114297785_pops1-4-5.txt,0.001,100,NA,NA,1-4-5,standing,v5--LR--Amatlan_de_Canas; v5--LR--random1_Palmar_Chico; v5--LR--San_Lorenzo,683045.1649445522,36207,0.3901975249048135,2.4335468993896987e-9,112775411,114297785,1522374,-3.294553607702255e-8,0,8.535456201178022,../data/rdmc/fitted/v5--sweep_chr10--0--152435371_start112775411_end114297785_pops1-4-5.txt,v5--LR--Amatlan_de_Canas; v5--LR--RANDOM1_Palmar_Chico; v5--LR--San_Lorenzo,Maize,3,3,0,neutral
127285539.15789472,5.336699231206312e-5,54770.429699616565,data/rdmc/sweep_freq/v5--sweep--chr10--0--152435371_start127247798_end127422003_pops1-4.txt,NA,NA,0.1,1,1-4,migration,v5--LR--Amatlan_de_Canas; v5--LR--random1_Palmar_Chico,54770.141831470544,2909,0.09844009143024834,7.0031763547859106e-9,127247798,127422003,174205,0.28786814602062805,0,0.28786814602062805,../data/rdmc/fitted/v5--sweep_chr10--0--152435371_start127247798_end127422003_pops1-4.txt,v5--LR--Amatlan_de_Canas; v5--LR--RANDOM1_Palmar_Chico,Maize,2,2,0,migration
17301898.42105263,2.310129700083158e-5,657154.6650914532,data/rdmc/sweep_freq/v5--sweep--chr10--0--152435371_start16373336_end18117357_pops2-4-8.txt,NA,NA,0.1,8,2-4-8,migration,v5--LR--Crucero_Lagunitas; v5--LR--random1_Palmar_Chico; v5--Teo--El_Rodeo,657139.557446905,34914,0.4935694144374949,3.7658371537189815e-9,16373336,18117357,1744021,15.10764454829041,0,12.663498476380482,../data/rdmc/fitted/v5--sweep_chr10--0--152435371_start16373336_end18117357_pops2-4-8.txt,v5--LR--Crucero_Lagunitas; v5--LR--RANDOM1_Palmar_Chico; v5--Teo--El_Rodeo,both,3,2,1,migration
28131441.57894737,1e-5,226112.4721973228,data/rdmc/sweep_freq/v5--sweep--chr10--0--152435371_start26775387_end28083287_pops1-3-4-5.txt,0.00251188643150957,100000,NA,NA,1-3-4-5,standing,v5--LR--Amatlan_de_Canas; v5--LR--Los_Guajes; v5--LR--random1_Palmar_Chico; v5--LR--San_Lorenzo,226110.64952623224,12231,0.04892595941303313,2.6519184427547093e-9,26775387,28083287,1307900,1.8226710905437358,0,1.2258824230229948,../data/rdmc/fitted/v5--sweep_chr10--0--152435371_start26775387_end28083287_pops1-3-4-5.txt,v5--LR--Amatlan_de_Canas; v5--LR--Los_Guajes; v5--LR--RANDOM1_Palmar_Chico; v5--LR--San_Lorenzo,Maize,4,4,0,standing
37407718.78947368,1e-5,60304.62512738029,data/rdmc/sweep_freq/v5--sweep--chr10--0--152435371_start37297132_end38380753_pops3-4-5.txt,0.001,100000,NA,NA,3-4-5,standing,v5--LR--Los_Guajes; v5--LR--random1_Palmar_Chico; v5--LR--San_Lorenzo,60305.11224691243,3125,0.01249882494175125,3.612877181275635e-10,37297132,38380753,1083621,-0.48711953213933157,0,44.37893607883598,../data/rdmc/fitted/v5--sweep_chr10--0--152435371_start37297132_end38380753_pops3-4-5.txt,v5--LR--Los_Guajes; v5--LR--RANDOM1_Palmar_Chico; v5--LR--San_Lorenzo,Maize,3,3,0,neutral
51977938.631578945,1e-5,273242.6378034079,data/rdmc/sweep_freq/v5--sweep--chr10--0--152435371_start49780659_end54474366_pops1-2-4-5-6-10-11.txt,0.001,100,NA,NA,1-2-4-5-6-10-11,standing,v5--LR--Amatlan_de_Canas; v5--LR--Crucero_Lagunitas; v5--LR--random1_Palmar_Chico; v5--LR--San_Lorenzo; v5--Teo--Amatlan_de_Canas; v5--Teo--random1_Palmar_Chico; v5--Teo--San_Lorenzo,273243.9791018643,13823,0.05529070567867933,1.4433831692052683e-10,49780659,54474366,4693707,-1.341298456361983,0,364.956956181908,../data/rdmc/fitted/v5--sweep_chr10--0--152435371_start49780659_end54474366_pops1-2-4-5-6-10-11.txt,v5--LR--Amatlan_de_Canas; v5--LR--Crucero_Lagunitas; v5--LR--RANDOM1_Palmar_Chico; v5--LR--San_Lorenzo; v5--Teo--Amatlan_de_Canas; v5--Teo--RANDOM1_Palmar_Chico; v5--Teo--San_Lorenzo,both,7,4,3,neutral
54608844.68421053,1e-5,79034.71830196133,data/rdmc/sweep_freq/v5--sweep--chr10--0--152435371_start54583454_end55553902_pops7-11.txt,0.001,100,NA,NA,7-11,standing,v5--Teo--Crucero_Lagunitas; v5--Teo--San_Lorenzo,79038.54908317667,4321,0.01728566959018707,1.2043187842689848e-10,54583454,55553902,970448,-3.8307812153361738,0,76.75388043539715,../data/rdmc/fitted/v5--sweep_chr10--0--152435371_start54583454_end55553902_pops7-11.txt,v5--Teo--Crucero_Lagunitas; v5--Teo--San_Lorenzo,Teosinte,2,0,2,neutral
60440358.94736842,1e-5,112387.00512429462,data/rdmc/sweep_freq/v5--sweep--chr10--0--152435371_start59575151_end60892018_pops1-2-3-4-5.txt,0.001,100,NA,NA,1-2-3-4-5,standing,v5--LR--Amatlan_de_Canas; v5--LR--Crucero_Lagunitas; v5--LR--Los_Guajes; v5--LR--random1_Palmar_Chico; v5--LR--San_Lorenzo,112392.58774667296,5864,0.02345610260026376,1.47941897158631e-10,59575151,60892018,1316867,-5.582622378336964,0,59.95755651446234,../data/rdmc/fitted/v5--sweep_chr10--0--152435371_start59575151_end60892018_pops1-2-3-4-5.txt,v5--LR--Amatlan_de_Canas; v5--LR--Crucero_Lagunitas; v5--LR--Los_Guajes; v5--LR--RANDOM1_Palmar_Chico; v5--LR--San_Lorenzo,Maize,5,5,0,neutral
61942287.84210526,1e-5,60058.19662952802,data/rdmc/sweep_freq/v5--sweep--chr10--0--152435371_start61920000_end62616632_pops1-2.txt,0.001,100000,NA,NA,1-2,standing,v5--LR--Amatlan_de_Canas; v5--LR--Crucero_Lagunitas,60059.32384303368,3102,0.01240844494290627,1.6035415566678558e-10,61920000,62616632,696632,-1.1272135056569823,0,130.14154498466814,../data/rdmc/fitted/v5--sweep_chr10--0--152435371_start61920000_end62616632_pops1-2.txt,v5--LR--Amatlan_de_Canas; v5--LR--Crucero_Lagunitas,Maize,2,2,0,neutral
67515976.73684211,1e-5,185046.52455049808,data/rdmc/sweep_freq/v5--sweep--chr10--0--152435371_start66939960_end67813489_pops8-11.txt,NA,NA,0.001,11,8-11,migration,v5--Teo--El_Rodeo; v5--Teo--San_Lorenzo,185042.5090981054,9809,0.03923483164840746,2.9452149592621463e-10,66939960,67813489,873529,4.015452392690349,0,4.771141876175534,../data/rdmc/fitted/v5--sweep_chr10--0--152435371_start66939960_end67813489_pops8-11.txt,v5--Teo--El_Rodeo; v5--Teo--San_Lorenzo,Teosinte,2,0,2,migration
69551563.68421052,1e-5,241096.33778147,data/rdmc/sweep_freq/v5--sweep--chr10--0--152435371_start68741720_end69873380_pops1-2-4-11.txt,0.001,100,NA,NA,1-2-4-11,standing,v5--LR--Amatlan_de_Canas; v5--LR--Crucero_Lagunitas; v5--LR--random1_Palmar_Chico; v5--Teo--San_Lorenzo,241096.7523693776,12707,0.05082886725367785,3.999531045705713e-10,68741720,69873380,1131660,-0.41458790758042596,0,22.343553480197443,../data/rdmc/fitted/v5--sweep_chr10--0--152435371_start68741720_end69873380_pops1-2-4-11.txt,v5--LR--Amatlan_de_Canas; v5--LR--Crucero_Lagunitas; v5--LR--RANDOM1_Palmar_Chico; v5--Teo--San_Lorenzo,both,4,3,1,neutral
77039673.26315789,1e-5,505536.83312611963,data/rdmc/sweep_freq/v5--sweep--chr10--0--152435371_start76116694_end77293159_pops3-4-5-8.txt,NA,NA,0.1,8,3-4-5-8,migration,v5--LR--Los_Guajes; v5--LR--random1_Palmar_Chico; v5--LR--San_Lorenzo; v5--Teo--El_Rodeo,505534.46563915233,26985,0.3951233718568972,3.364294223859848e-9,76116694,77293159,1176465,2.3674869672977366,0,2.356680527504068,../data/rdmc/fitted/v5--sweep_chr10--0--152435371_start76116694_end77293159_pops3-4-5-8.txt,v5--LR--Los_Guajes; v5--LR--RANDOM1_Palmar_Chico; v5--LR--San_Lorenzo; v5--Teo--El_Rodeo,both,4,3,1,migration
80948485.21052632,1e-5,401618.6947033072,data/rdmc/sweep_freq/v5--sweep--chr10--0--152435371_start80368977_end81344760_pops1-2-3-5.txt,NA,NA,0.1,2,1-2-3-5,migration,v5--LR--Amatlan_de_Canas; v5--LR--Crucero_Lagunitas; v5--LR--Los_Guajes; v5--LR--San_Lorenzo,401616.6297531666,21503,0.2304700574879703,2.3157125717864464e-9,80368977,81344760,975783,2.0649501406005584,0,2.0649501416482963,../data/rdmc/fitted/v5--sweep_chr10--0--152435371_start80368977_end81344760_pops1-2-3-5.txt,v5--LR--Amatlan_de_Canas; v5--LR--Crucero_Lagunitas; v5--LR--Los_Guajes; v5--LR--San_Lorenzo,Maize,4,4,0,migration
84174059.73684211,1e-5,301751.01047483535,data/rdmc/sweep_freq/v5--sweep--chr10--0--152435371_start83590393_end84279084_pops1-5.txt,0.001,100000,NA,NA,1-5,standing,v5--LR--Amatlan_de_Canas; v5--LR--San_Lorenzo,301749.2119505134,16198,0.10635357814897616,1.899046098763449e-9,83590393,84279084,688691,1.7985243219300173,0,21.35330567753408,../data/rdmc/fitted/v5--sweep_chr10--0--152435371_start83590393_end84279084_pops1-5.txt,v5--LR--Amatlan_de_Canas; v5--LR--San_Lorenzo,Maize,2,2,0,standing
98196929.05263156,1e-5,176978.5539775542,data/rdmc/sweep_freq/v5--sweep--chr10--0--152435371_start97796285_end98349381_pops1-5.txt,0.001,100,NA,NA,1-5,standing,v5--LR--Amatlan_de_Canas; v5--LR--San_Lorenzo,176978.54390774254,9558,0.0774407271724229,1.4333352187881599e-9,97796285,98349381,553096,0.010069811658468097,0,17.040322676766664,../data/rdmc/fitted/v5--sweep_chr10--0--152435371_start97796285_end98349381_pops1-5.txt,v5--LR--Amatlan_de_Canas; v5--LR--San_Lorenzo,Maize,2,2,0,standing
100525059.68421052,1e-5,356417.7005643643,data/rdmc/sweep_freq/v5--sweep--chr10--0--152435371_start99679507_end100688339_pops2-3-4.txt,0.001,100,NA,NA,2-3-4,standing,v5--LR--Crucero_Lagunitas; v5--LR--Los_Guajes; v5--LR--random1_Palmar_Chico,356417.700592834,18610,0.1810517729808936,1.4896205809817951e-9,99679507,100688339,1008832,-2.8469657991081476e-5,0,12.075098551227711,../data/rdmc/fitted/v5--sweep_chr10--0--152435371_start99679507_end100688339_pops2-3-4.txt,v5--LR--Crucero_Lagunitas; v5--LR--Los_Guajes; v5--LR--RANDOM1_Palmar_Chico,Maize,3,3,0,neutral
110191060.5263158,1e-5,126560.16342309672,data/rdmc/sweep_freq/v5--sweep--chr2--0--243675191_start108360129_end110126074_pops3-4.txt,0.001,100,NA,NA,3-4,standing,v5--LR--Los_Guajes; v5--LR--random1_Palmar_Chico,126559.92991336837,6713,0.02685350046888857,1.8592195276227568e-10,108360129,110126074,1765945,0.23350972835032735,0,84.04031215987925,../data/rdmc/fitted/v5--sweep_chr2--0--243675191_start108360129_end110126074_pops3-4.txt,v5--LR--Los_Guajes; v5--LR--RANDOM1_Palmar_Chico,Maize,2,2,0,standing
121124729.05263156,1e-5,750304.9826252592,data/rdmc/sweep_freq/v5--sweep--chr2--0--243675191_start117030273_end120979617_pops3-4-5-8.txt,0.001,100,NA,NA,3-4-5-8,standing,v5--LR--Los_Guajes; v5--LR--random1_Palmar_Chico; v5--LR--San_Lorenzo; v5--Teo--El_Rodeo,750305.415007214,39478,0.15791334235520085,2.7196749217955405e-10,117030273,120979617,3949344,-0.43238195474259555,0,70.64703718677629,../data/rdmc/fitted/v5--sweep_chr2--0--243675191_start117030273_end120979617_pops3-4-5-8.txt,v5--LR--Los_Guajes; v5--LR--RANDOM1_Palmar_Chico; v5--LR--San_Lorenzo; v5--Teo--El_Rodeo,both,4,3,1,neutral
143360031.10526314,1e-5,1013628.8455456318,data/rdmc/sweep_freq/v5--sweep--chr2--0--243675191_start141598474_end143413691_pops3-4-5-6.txt,0.001,100,NA,NA,3-4-5-6,standing,v5--LR--Los_Guajes; v5--LR--random1_Palmar_Chico; v5--LR--San_Lorenzo; v5--Teo--Amatlan_de_Canas,1013628.845849716,53740,0.22540968594336164,1.225666098449594e-9,141598474,143413691,1815217,-3.0408415477722883e-4,0,51.42915528640151,../data/rdmc/fitted/v5--sweep_chr2--0--243675191_start141598474_end143413691_pops3-4-5-6.txt,v5--LR--Los_Guajes; v5--LR--RANDOM1_Palmar_Chico; v5--LR--San_Lorenzo; v5--Teo--Amatlan_de_Canas,both,4,3,1,neutral
166263970.52631578,1e-5,782201.8434267225,data/rdmc/sweep_freq/v5--sweep--chr2--0--243675191_start165375568_end167257463_pops2-4.txt,0.001,100000,NA,NA,2-4,standing,v5--LR--Crucero_Lagunitas; v5--LR--random1_Palmar_Chico,782201.8434575793,40864,0.32177175546216574,1.6960095808738907e-9,165375568,167257463,1881895,-3.085681237280369e-5,0,12.450829317909665,../data/rdmc/fitted/v5--sweep_chr2--0--243675191_start165375568_end167257463_pops2-4.txt,v5--LR--Crucero_Lagunitas; v5--LR--RANDOM1_Palmar_Chico,Maize,2,2,0,neutral
170446993.63157895,1e-5,711311.1839450911,data/rdmc/sweep_freq/v5--sweep--chr2--0--243675191_start169661402_end171337995_pops1-2-3-4.txt,0.001,100,NA,NA,1-2-3-4,standing,v5--LR--Amatlan_de_Canas; v5--LR--Crucero_Lagunitas; v5--LR--Los_Guajes; v5--LR--random1_Palmar_Chico,711312.3174543874,38027,0.190479956464344,1.263291241514368e-9,169661402,171337995,1676593,-1.1335092963417992,0,14.626945650321431,../data/rdmc/fitted/v5--sweep_chr2--0--243675191_start169661402_end171337995_pops1-2-3-4.txt,v5--LR--Amatlan_de_Canas; v5--LR--Crucero_Lagunitas; v5--LR--Los_Guajes; v5--LR--RANDOM1_Palmar_Chico,Maize,4,4,0,neutral
27777686.157894734,5.336699231206312e-5,1986357.4125898208,data/rdmc/sweep_freq/v5--sweep--chr2--0--243675191_start26128457_end29235153_pops1-5-9-11.txt,0.00251188643150957,100000,NA,NA,1-5-9-11,standing,v5--LR--Amatlan_de_Canas; v5--LR--San_Lorenzo; v5--Teo--Los_Guajes; v5--Teo--San_Lorenzo,1986353.2292543808,100000,2.0953804221646664,7.499474159661193e-9,26128457,29235153,3106696,4.183335440000519,0,4.441803802503273,../data/rdmc/fitted/v5--sweep_chr2--0--243675191_start26128457_end29235153_pops1-5-9-11.txt,v5--LR--Amatlan_de_Canas; v5--LR--San_Lorenzo; v5--Teo--Los_Guajes; v5--Teo--San_Lorenzo,both,4,2,2,standing
68448909.84210527,1e-5,269625.25841712445,data/rdmc/sweep_freq/v5--sweep--chr2--0--243675191_start67422311_end68643858_pops1-5.txt,0.001,100,NA,NA,1-5,standing,v5--LR--Amatlan_de_Canas; v5--LR--San_Lorenzo,269625.25841712445,14436,0.05774373216259221,1.5401199289171608e-9,67422311,68643858,1221547,0,0,-0,../data/rdmc/fitted/v5--sweep_chr2--0--243675191_start67422311_end68643858_pops1-5.txt,v5--LR--Amatlan_de_Canas; v5--LR--San_Lorenzo,Maize,2,2,0,standing
78152946.26315789,1e-5,1393360.5221335576,data/rdmc/sweep_freq/v5--sweep--chr2--0--243675191_start74851001_end81061732_pops1-3-4-5.txt,0.001,100,NA,NA,1-3-4-5,standing,v5--LR--Amatlan_de_Canas; v5--LR--Los_Guajes; v5--LR--random1_Palmar_Chico; v5--LR--San_Lorenzo,1393360.2172754898,75997,0.30398656905391874,4.863990142735165e-10,74851001,81061732,6210731,0.3048580677714199,0,97.17006155126728,../data/rdmc/fitted/v5--sweep_chr2--0--243675191_start74851001_end81061732_pops1-3-4-5.txt,v5--LR--Amatlan_de_Canas; v5--LR--Los_Guajes; v5--LR--RANDOM1_Palmar_Chico; v5--LR--San_Lorenzo,Maize,4,4,0,standing
83702161.15789473,1e-5,255353.05619190863,data/rdmc/sweep_freq/v5--sweep--chr2--0--243675191_start83177358_end84292506_pops4-5.txt,0.001,100,NA,NA,4-5,standing,v5--LR--random1_Palmar_Chico; v5--LR--San_Lorenzo,255353.1813645179,13672,0.05468737318442152,4.928615535582432e-10,83177358,84292506,1115148,-0.12517260925960727,0,106.97264745470602,../data/rdmc/fitted/v5--sweep_chr2--0--243675191_start83177358_end84292506_pops4-5.txt,v5--LR--RANDOM1_Palmar_Chico; v5--LR--San_Lorenzo,Maize,2,2,0,neutral
92227942.21052632,1e-5,431630.7563386587,data/rdmc/sweep_freq/v5--sweep--chr2--0--243675191_start92168926_end94408012_pops1-3-4-8.txt,0.001,100,NA,NA,1-3-4-8,standing,v5--LR--Amatlan_de_Canas; v5--LR--Los_Guajes; v5--LR--random1_Palmar_Chico; v5--Teo--El_Rodeo,431631.2055545229,23223,0.09289181564213322,4.820749771630836e-10,92168926,94408012,2239086,-0.4492158642387949,0,40.67286612564931,../data/rdmc/fitted/v5--sweep_chr2--0--243675191_start92168926_end94408012_pops1-3-4-8.txt,v5--LR--Amatlan_de_Canas; v5--LR--Los_Guajes; v5--LR--RANDOM1_Palmar_Chico; v5--Teo--El_Rodeo,both,4,3,1,neutral
96353827,0.00151991108295293,185441.5035144543,data/rdmc/sweep_freq/v5--sweep--chr2--0--243675191_start96540673_end98409324_pops7-8.txt,NA,NA,0.001,7,7-8,migration,v5--Teo--Crucero_Lagunitas; v5--Teo--El_Rodeo,185239.4054265209,9989,0.03995795185053907,3.6897014352120217e-10,96540673,98409324,1868651,202.09808793338016,0,202.1025687259389,../data/rdmc/fitted/v5--sweep_chr2--0--243675191_start96540673_end98409324_pops7-8.txt,v5--Teo--Crucero_Lagunitas; v5--Teo--El_Rodeo,Teosinte,2,0,2,migration
100941525.57894737,2.848035868435802e-4,257301.8740008886,data/rdmc/sweep_freq/v5--sweep--chr2--0--243675191_start99052452_end101670188_pops7-8.txt,NA,NA,0.001,7,7-8,migration,v5--Teo--Crucero_Lagunitas; v5--Teo--El_Rodeo,257052.9419592594,13994,0.0559758719233514,2.917754677886671e-10,99052452,101670188,2617736,248.93204162921757,0,249.4437672678032,../data/rdmc/fitted/v5--sweep_chr2--0--243675191_start99052452_end101670188_pops7-8.txt,v5--Teo--Crucero_Lagunitas; v5--Teo--El_Rodeo,Teosinte,2,0,2,migration
102775919.84210528,1e-5,51533.00159464554,data/rdmc/sweep_freq/v5--sweep--chr3--0--238017767_start102360800_end103385144_pops2-11.txt,0.001,100,NA,NA,2-11,standing,v5--LR--Crucero_Lagunitas; v5--Teo--San_Lorenzo,51533.077828120746,2706,0.01082476620834427,2.3859918682651253e-10,102360800,103385144,1024344,-0.07623347520711832,0,0.32465185355977155,../data/rdmc/fitted/v5--sweep_chr3--0--238017767_start102360800_end103385144_pops2-11.txt,v5--LR--Crucero_Lagunitas; v5--Teo--San_Lorenzo,both,2,1,1,neutral
105558806.5263158,1e-5,78296.93460970551,data/rdmc/sweep_freq/v5--sweep--chr3--0--238017767_start104225563_end105813327_pops3-4-5.txt,0.001,100,NA,NA,3-4-5,standing,v5--LR--Los_Guajes; v5--LR--random1_Palmar_Chico; v5--LR--San_Lorenzo,78298.39389043063,4195,0.0167787131022834,2.1731560566592888e-10,104225563,105813327,1587764,-1.4592807251174236,0,18.137484780687373,../data/rdmc/fitted/v5--sweep_chr3--0--238017767_start104225563_end105813327_pops3-4-5.txt,v5--LR--Los_Guajes; v5--LR--RANDOM1_Palmar_Chico; v5--LR--San_Lorenzo,Maize,3,3,0,neutral
125322163.21052632,1e-5,1013453.717542136,data/rdmc/sweep_freq/v5--sweep--chr3--0--238017767_start124334185_end126783368_pops2-4-7.txt,0.001,100,NA,NA,2-4-7,standing,v5--LR--Crucero_Lagunitas; v5--LR--random1_Palmar_Chico; v5--Teo--Crucero_Lagunitas,1013453.6993194106,53656,0.3742041660559891,1.1343082591125296e-9,124334185,126783368,2449183,0.018222725368104875,0,15.989707855158485,../data/rdmc/fitted/v5--sweep_chr3--0--238017767_start124334185_end126783368_pops2-4-7.txt,v5--LR--Crucero_Lagunitas; v5--LR--RANDOM1_Palmar_Chico; v5--Teo--Crucero_Lagunitas,both,3,2,1,standing
188407968,5.336699231206312e-5,457923.2802826263,data/rdmc/sweep_freq/v5--sweep--chr3--0--238017767_start187915443_end188845942_pops3-4-5.txt,NA,NA,0.1,5,3-4-5,migration,v5--LR--Los_Guajes; v5--LR--random1_Palmar_Chico; v5--LR--San_Lorenzo,457920.84449591354,24342,0.7969960799212856,8.811611542936226e-9,187915443,188845942,930499,2.4357867127400823,0,0.11426126660080627,../data/rdmc/fitted/v5--sweep_chr3--0--238017767_start187915443_end188845942_pops3-4-5.txt,v5--LR--Los_Guajes; v5--LR--RANDOM1_Palmar_Chico; v5--LR--San_Lorenzo,Maize,3,3,0,migration
26913870.05263158,2.310129700083158e-5,748753.5831372554,data/rdmc/sweep_freq/v5--sweep--chr3--0--238017767_start26297129_end28092377_pops2-3-5.txt,NA,NA,0.1,2,2-3-5,migration,v5--LR--Crucero_Lagunitas; v5--LR--Los_Guajes; v5--LR--San_Lorenzo,748748.9835879848,39371,0.5680738415164157,3.1704869151323893e-9,26297129,28092377,1795248,4.599549270584248,0,4.599549270584248,../data/rdmc/fitted/v5--sweep_chr3--0--238017767_start26297129_end28092377_pops2-3-5.txt,v5--LR--Crucero_Lagunitas; v5--LR--Los_Guajes; v5--LR--San_Lorenzo,Maize,3,3,0,migration
52499617.631578945,1e-5,425048.5536594504,data/rdmc/sweep_freq/v5--sweep--chr3--0--238017767_start52104851_end53082211_pops4-5.txt,0.001,100,NA,NA,4-5,standing,v5--LR--random1_Palmar_Chico; v5--LR--San_Lorenzo,425048.5536614725,22052,0.14193075201551153,1.2217536753713664e-9,52104851,53082211,977360,-2.0221341401338577e-6,0,26.73858717008261,../data/rdmc/fitted/v5--sweep_chr3--0--238017767_start52104851_end53082211_pops4-5.txt,v5--LR--RANDOM1_Palmar_Chico; v5--LR--San_Lorenzo,Maize,2,2,0,neutral
82429765,1e-5,812091.8295043805,data/rdmc/sweep_freq/v5--sweep--chr3--0--238017767_start70760276_end81369785_pops1-2-3-4-5.txt,0.001,100,NA,NA,1-2-3-4-5,standing,v5--LR--Amatlan_de_Canas; v5--LR--Crucero_Lagunitas; v5--LR--Los_Guajes; v5--LR--random1_Palmar_Chico; v5--LR--San_Lorenzo,812092.8160210926,41611,0.16644311943227308,2.5048261748790727e-10,70760276,81369785,10609509,-0.9865167121170089,0,16.503957375418395,../data/rdmc/fitted/v5--sweep_chr3--0--238017767_start70760276_end81369785_pops1-2-3-4-5.txt,v5--LR--Amatlan_de_Canas; v5--LR--Crucero_Lagunitas; v5--LR--Los_Guajes; v5--LR--RANDOM1_Palmar_Chico; v5--LR--San_Lorenzo,Maize,5,5,0,neutral
82298318.42105263,1.232846739442066e-4,266408.55495955184,data/rdmc/sweep_freq/v5--sweep--chr3--0--238017767_start82008700_end83353284_pops4-11.txt,NA,NA,0.1,11,4-11,migration,v5--LR--random1_Palmar_Chico; v5--Teo--San_Lorenzo,266139.0815848542,13781,0.05512455700940677,1.9641736075586454e-10,82008700,83353284,1344584,269.4733746976126,0,283.3642902583233,../data/rdmc/fitted/v5--sweep_chr3--0--238017767_start82008700_end83353284_pops4-11.txt,v5--LR--RANDOM1_Palmar_Chico; v5--Teo--San_Lorenzo,both,2,1,1,migration
95859836.78947368,1e-5,264286.59541112505,data/rdmc/sweep_freq/v5--sweep--chr3--0--238017767_start95807083_end97761812_pops1-2.txt,0.001,100000,NA,NA,1-2,standing,v5--LR--Amatlan_de_Canas; v5--LR--Crucero_Lagunitas,264282.1182255747,13837,0.05534899761951806,3.079492329585627e-10,95807083,97761812,1954729,4.477185550320428,0,111.02617060870398,../data/rdmc/fitted/v5--sweep_chr3--0--238017767_start95807083_end97761812_pops1-2.txt,v5--LR--Amatlan_de_Canas; v5--LR--Crucero_Lagunitas,Maize,2,2,0,standing
119470322.78947368,1e-5,320226.1291695282,data/rdmc/sweep_freq/v5--sweep--chr4--0--250330460_start119368698_end123231407_pops1-4-5-7.txt,0.001,100,NA,NA,1-4-5-7,standing,v5--LR--Amatlan_de_Canas; v5--LR--random1_Palmar_Chico; v5--LR--San_Lorenzo; v5--Teo--Crucero_Lagunitas,320229.01477123454,16916,0.06766420929740491,1.5813756823874684e-10,119368698,123231407,3862709,-2.8856017063371837,0,202.67533623886993,../data/rdmc/fitted/v5--sweep_chr4--0--250330460_start119368698_end123231407_pops1-4-5-7.txt,v5--LR--Amatlan_de_Canas; v5--LR--RANDOM1_Palmar_Chico; v5--LR--San_Lorenzo; v5--Teo--Crucero_Lagunitas,both,4,3,1,neutral
31534723,0.00811130830789687,634799.8777733463,data/rdmc/sweep_freq/v5--sweep--chr4--0--250330460_start31687527_end33215589_pops4-8.txt,NA,NA,0.00630957344480193,8,4-8,migration,v5--LR--random1_Palmar_Chico; v5--Teo--El_Rodeo,634091.2634418454,34401,0.8347203286313061,5.663521253278129e-9,31687527,33215589,1528062,708.6143315008376,0,708.2848833370954,../data/rdmc/fitted/v5--sweep_chr4--0--250330460_start31687527_end33215589_pops4-8.txt,v5--LR--RANDOM1_Palmar_Chico; v5--Teo--El_Rodeo,both,2,1,1,migration
42653843.2631579,1e-5,1046449.9821850136,data/rdmc/sweep_freq/v5--sweep--chr4--0--250330460_start41804945_end44280232_pops2-3-5.txt,0.001,100,NA,NA,2-3-5,standing,v5--LR--Crucero_Lagunitas; v5--LR--Los_Guajes; v5--LR--San_Lorenzo,1046449.9821854936,56242,0.29296770475450273,1.1868611093377654e-9,41804945,44280232,2475287,-4.799803718924522e-7,0,4.348373548826203,../data/rdmc/fitted/v5--sweep_chr4--0--250330460_start41804945_end44280232_pops2-3-5.txt,v5--LR--Crucero_Lagunitas; v5--LR--Los_Guajes; v5--LR--San_Lorenzo,Maize,3,3,0,neutral
46018489,5.336699231206312e-5,886825.7604954562,data/rdmc/sweep_freq/v5--sweep--chr4--0--250330460_start45438245_end47128067_pops1-2-3-4-5.txt,NA,NA,0.1,2,1-2-3-4-5,migration,v5--LR--Amatlan_de_Canas; v5--LR--Crucero_Lagunitas; v5--LR--Los_Guajes; v5--LR--random1_Palmar_Chico; v5--LR--San_Lorenzo,886760.1728382545,49657,0.19862931887164592,1.1644396665406934e-9,45438245,47128067,1689822,65.58765720168594,0,61.38728414592333,../data/rdmc/fitted/v5--sweep_chr4--0--250330460_start45438245_end47128067_pops1-2-3-4-5.txt,v5--LR--Amatlan_de_Canas; v5--LR--Crucero_Lagunitas; v5--LR--Los_Guajes; v5--LR--RANDOM1_Palmar_Chico; v5--LR--San_Lorenzo,Maize,5,5,0,migration
49846155.15789474,1e-5,1119763.670336116,data/rdmc/sweep_freq/v5--sweep--chr4--0--250330460_start49399544_end52329077_pops1-3-4-5.txt,0.001,100,NA,NA,1-3-4-5,standing,v5--LR--Amatlan_de_Canas; v5--LR--Los_Guajes; v5--LR--random1_Palmar_Chico; v5--LR--San_Lorenzo,1119763.670336215,61180,0.32907732453058003,1.1417874808343144e-9,49399544,52329077,2929533,-9.895302355289459e-8,0,13.899200437124819,../data/rdmc/fitted/v5--sweep_chr4--0--250330460_start49399544_end52329077_pops1-3-4-5.txt,v5--LR--Amatlan_de_Canas; v5--LR--Los_Guajes; v5--LR--RANDOM1_Palmar_Chico; v5--LR--San_Lorenzo,Maize,4,4,0,neutral
61052545.94736842,1.232846739442066e-4,1069471.7491224343,data/rdmc/sweep_freq/v5--sweep--chr4--0--250330460_start59621177_end62315090_pops1-2-3-4-5.txt,NA,NA,0.1,2,1-2-3-4-5,migration,v5--LR--Amatlan_de_Canas; v5--LR--Crucero_Lagunitas; v5--LR--Los_Guajes; v5--LR--random1_Palmar_Chico; v5--LR--San_Lorenzo,1069465.3924745768,57000,0.3136947702477926,1.478541099141249e-9,59621177,62315090,2693913,6.35664785746485,0,5.9990752171725035,../data/rdmc/fitted/v5--sweep_chr4--0--250330460_start59621177_end62315090_pops1-2-3-4-5.txt,v5--LR--Amatlan_de_Canas; v5--LR--Crucero_Lagunitas; v5--LR--Los_Guajes; v5--LR--RANDOM1_Palmar_Chico; v5--LR--San_Lorenzo,Maize,5,5,0,migration
68076970.26315789,1e-5,366363.1069969616,data/rdmc/sweep_freq/v5--sweep--chr4--0--250330460_start65728964_end68508049_pops1-2-3-5.txt,0.001,100,NA,NA,1-2-3-5,standing,v5--LR--Amatlan_de_Canas; v5--LR--Crucero_Lagunitas; v5--LR--Los_Guajes; v5--LR--San_Lorenzo,366363.39824384544,19610,0.07843942771734191,5.18679826793206e-10,65728964,68508049,2779085,-0.2912468838621862,0,84.23282373551046,../data/rdmc/fitted/v5--sweep_chr4--0--250330460_start65728964_end68508049_pops1-2-3-5.txt,v5--LR--Amatlan_de_Canas; v5--LR--Crucero_Lagunitas; v5--LR--Los_Guajes; v5--LR--San_Lorenzo,Maize,4,4,0,neutral
9069217.47368421,0.01873817422860384,824273.4169135033,data/rdmc/sweep_freq/v5--sweep--chr4--0--250330460_start8387887_end10830715_pops1-6.txt,NA,NA,0.00630957344480193,6,1-6,migration,v5--LR--Amatlan_de_Canas; v5--Teo--Amatlan_de_Canas,824027.8033595132,45814,3.079271606385319,1.3208156702675584e-8,8387887,10830715,2442828,245.61355399014428,0,238.7554405569099,../data/rdmc/fitted/v5--sweep_chr4--0--250330460_start8387887_end10830715_pops1-6.txt,v5--LR--Amatlan_de_Canas; v5--Teo--Amatlan_de_Canas,both,2,1,1,migration
85511431.73684211,1e-5,196489.45635663136,data/rdmc/sweep_freq/v5--sweep--chr4--0--250330460_start85162722_end85747841_pops4-5.txt,0.001,100,NA,NA,4-5,standing,v5--LR--random1_Palmar_Chico; v5--LR--San_Lorenzo,196489.45839164543,10808,0.0653965184833396,1.10376408759883e-9,85162722,85747841,585119,-0.0020350140694063157,0,43.824601168656955,../data/rdmc/fitted/v5--sweep_chr4--0--250330460_start85162722_end85747841_pops4-5.txt,v5--LR--RANDOM1_Palmar_Chico; v5--LR--San_Lorenzo,Maize,2,2,0,neutral
88111960.21052632,5.336699231206312e-5,294161.7736150934,data/rdmc/sweep_freq/v5--sweep--chr4--0--250330460_start87585818_end88381509_pops4-7.txt,NA,NA,0.1,7,4-7,migration,v5--LR--random1_Palmar_Chico; v5--Teo--Crucero_Lagunitas,294054.6182778328,15131,0.060524078883773313,8.527990138269301e-10,87585818,88381509,795691,107.15533726057038,0,110.07088808558183,../data/rdmc/fitted/v5--sweep_chr4--0--250330460_start87585818_end88381509_pops4-7.txt,v5--LR--RANDOM1_Palmar_Chico; v5--Teo--Crucero_Lagunitas,both,2,1,1,migration
91737266.4736842,2.310129700083158e-5,739549.0436733934,data/rdmc/sweep_freq/v5--sweep--chr4--0--250330460_start88533123_end93407256_pops1-2-3-4-5-6-7.txt,0.1,100,NA,NA,1-2-3-4-5-6-7,standing,v5--LR--Amatlan_de_Canas; v5--LR--Crucero_Lagunitas; v5--LR--Los_Guajes; v5--LR--random1_Palmar_Chico; v5--LR--San_Lorenzo; v5--Teo--Amatlan_de_Canas; v5--Teo--Crucero_Lagunitas,739519.706023993,39663,0.1586526531742294,5.779644441352966e-10,88533123,93407256,4874133,29.337649400462396,0,48.13427176524419,../data/rdmc/fitted/v5--sweep_chr4--0--250330460_start88533123_end93407256_pops1-2-3-4-5-6-7.txt,v5--LR--Amatlan_de_Canas; v5--LR--Crucero_Lagunitas; v5--LR--Los_Guajes; v5--LR--RANDOM1_Palmar_Chico; v5--LR--San_Lorenzo; v5--Teo--Amatlan_de_Canas; v5--Teo--Crucero_Lagunitas,both,7,5,2,standing
96141747,2.310129700083158e-5,95856.20750021076,data/rdmc/sweep_freq/v5--sweep--chr4--0--250330460_start95004214_end96101436_pops6-8.txt,0.1,100000,NA,NA,6-8,standing,v5--Teo--Amatlan_de_Canas; v5--Teo--El_Rodeo,95820.69993927426,5118,0.02047178897559831,3.0330663462393486e-10,95004214,96101436,1097222,35.50756093650125,0,18.7602080883662,../data/rdmc/fitted/v5--sweep_chr4--0--250330460_start95004214_end96101436_pops6-8.txt,v5--Teo--Amatlan_de_Canas; v5--Teo--El_Rodeo,Teosinte,2,0,2,standing
117135231.63157897,5.336699231206312e-5,1627584.470536378,data/rdmc/sweep_freq/v5--sweep--chr4--0--250330460_start96317817_end119178950_pops1-2-3-4-5-6-7-11.txt,0.1,100,NA,NA,1-2-3-4-5-6-7-11,standing,v5--LR--Amatlan_de_Canas; v5--LR--Crucero_Lagunitas; v5--LR--Los_Guajes; v5--LR--random1_Palmar_Chico; v5--LR--San_Lorenzo; v5--Teo--Amatlan_de_Canas; v5--Teo--Crucero_Lagunitas; v5--Teo--San_Lorenzo,1627293.612552879,85664,0.34265557877576214,2.3894389518047797e-10,96317817,119178950,22861133,290.8579834990669,0,609.3834863312077,../data/rdmc/fitted/v5--sweep_chr4--0--250330460_start96317817_end119178950_pops1-2-3-4-5-6-7-11.txt,v5--LR--Amatlan_de_Canas; v5--LR--Crucero_Lagunitas; v5--LR--Los_Guajes; v5--LR--RANDOM1_Palmar_Chico; v5--LR--San_Lorenzo; v5--Teo--Amatlan_de_Canas; v5--Teo--Crucero_Lagunitas; v5--Teo--San_Lorenzo,both,8,5,3,standing
101105274.57894737,1e-5,84933.3493563337,data/rdmc/sweep_freq/v5--sweep--chr5--0--226353449_start100841185_end102551493_pops1-2-3-4-5.txt,0.001,100,NA,NA,1-2-3-4-5,standing,v5--LR--Amatlan_de_Canas; v5--LR--Crucero_Lagunitas; v5--LR--Los_Guajes; v5--LR--random1_Palmar_Chico; v5--LR--San_Lorenzo,84933.2289501101,4493,0.0179702496726577,4.2393209689394564e-10,100841185,102551493,1710308,0.12040622359199915,0,6.121668479565415,../data/rdmc/fitted/v5--sweep_chr5--0--226353449_start100841185_end102551493_pops1-2-3-4-5.txt,v5--LR--Amatlan_de_Canas; v5--LR--Crucero_Lagunitas; v5--LR--Los_Guajes; v5--LR--RANDOM1_Palmar_Chico; v5--LR--San_Lorenzo,Maize,5,5,0,standing
113396950.68421052,1e-5,580877.0369922984,data/rdmc/sweep_freq/v5--sweep--chr5--0--226353449_start103461940_end115186116_pops1-2-3-4-5-7-9-10-11.txt,0.00251188643150957,100,NA,NA,1-2-3-4-5-7-9-10-11,standing,v5--LR--Amatlan_de_Canas; v5--LR--Crucero_Lagunitas; v5--LR--Los_Guajes; v5--LR--random1_Palmar_Chico; v5--LR--San_Lorenzo; v5--Teo--Crucero_Lagunitas; v5--Teo--Los_Guajes; v5--Teo--random1_Palmar_Chico; v5--Teo--San_Lorenzo,580871.6047460594,30797,0.12318621553912124,2.4283057007292056e-10,103461940,115186116,11724176,5.432246239040978,0,178.02115332975518,../data/rdmc/fitted/v5--sweep_chr5--0--226353449_start103461940_end115186116_pops1-2-3-4-5-7-9-10-11.txt,v5--LR--Amatlan_de_Canas; v5--LR--Crucero_Lagunitas; v5--LR--Los_Guajes; v5--LR--RANDOM1_Palmar_Chico; v5--LR--San_Lorenzo; v5--Teo--Crucero_Lagunitas; v5--Teo--Los_Guajes; v5--Teo--RANDOM1_Palmar_Chico; v5--Teo--San_Lorenzo,both,9,5,4,standing
120814687.15789472,0.00151991108295293,1717932.2559632815,data/rdmc/sweep_freq/v5--sweep--chr5--0--226353449_start115496539_end123583700_pops1-2-3-4-5-11.txt,NA,NA,0.1,2,1-2-3-4-5-11,migration,v5--LR--Amatlan_de_Canas; v5--LR--Crucero_Lagunitas; v5--LR--Los_Guajes; v5--LR--random1_Palmar_Chico; v5--LR--San_Lorenzo; v5--Teo--San_Lorenzo,1716753.633369099,93621,0.374482749774117,4.4830599650540556e-10,115496539,123583700,8087161,1178.6225941823795,0,1143.6581564228982,../data/rdmc/fitted/v5--sweep_chr5--0--226353449_start115496539_end123583700_pops1-2-3-4-5-11.txt,v5--LR--Amatlan_de_Canas; v5--LR--Crucero_Lagunitas; v5--LR--Los_Guajes; v5--LR--RANDOM1_Palmar_Chico; v5--LR--San_Lorenzo; v5--Teo--San_Lorenzo,both,6,5,1,migration
123982234.5263158,1e-5,1842120.712128606,data/rdmc/sweep_freq/v5--sweep--chr5--0--226353449_start123752357_end132487901_pops1-2-3-4-5.txt,0.00630957344480193,100,NA,NA,1-2-3-4-5,standing,v5--LR--Amatlan_de_Canas; v5--LR--Crucero_Lagunitas; v5--LR--Los_Guajes; v5--LR--random1_Palmar_Chico; v5--LR--San_Lorenzo,1842117.787402205,100000,0.4144753287099832,4.682830922436091e-10,123752357,132487901,8735544,2.924726400990039,0,18.009135506348684,../data/rdmc/fitted/v5--sweep_chr5--0--226353449_start123752357_end132487901_pops1-2-3-4-5.txt,v5--LR--Amatlan_de_Canas; v5--LR--Crucero_Lagunitas; v5--LR--Los_Guajes; v5--LR--RANDOM1_Palmar_Chico; v5--LR--San_Lorenzo,Maize,5,5,0,standing
151999866.9473684,0.00151991108295293,1424028.173099605,data/rdmc/sweep_freq/v5--sweep--chr5--0--226353449_start151279946_end153388433_pops8-11.txt,NA,NA,0.001,8,8-11,migration,v5--Teo--El_Rodeo; v5--Teo--San_Lorenzo,1422836.175010192,75382,0.301527309232938,1.47313690448104e-9,151279946,153388433,2108487,1191.9980894129258,0,1191.7699265158735,../data/rdmc/fitted/v5--sweep_chr5--0--226353449_start151279946_end153388433_pops8-11.txt,v5--Teo--El_Rodeo; v5--Teo--San_Lorenzo,Teosinte,2,0,2,migration
164542307.57894737,1e-5,646693.7992329972,data/rdmc/sweep_freq/v5--sweep--chr5--0--226353449_start164504888_end165922007_pops2-4.txt,NA,NA,0.1,2,2-4,migration,v5--LR--Crucero_Lagunitas; v5--LR--random1_Palmar_Chico,646692.3884749265,33881,0.4735254491576484,3.3367632057297574e-9,164504888,165922007,1417119,1.4107580707641318,0,0.9398832637816668,../data/rdmc/fitted/v5--sweep_chr5--0--226353449_start164504888_end165922007_pops2-4.txt,v5--LR--Crucero_Lagunitas; v5--LR--RANDOM1_Palmar_Chico,Maize,2,2,0,migration
188220975.42105263,1.232846739442066e-4,373867.59608773014,data/rdmc/sweep_freq/v5--sweep--chr5--0--226353449_start188122106_end189187877_pops2-4-5-10-11.txt,NA,NA,0.1,11,2-4-5-10-11,migration,v5--LR--Crucero_Lagunitas; v5--LR--random1_Palmar_Chico; v5--LR--San_Lorenzo; v5--Teo--random1_Palmar_Chico; v5--Teo--San_Lorenzo,373834.3740700498,19744,1.2880704659082056,1.2043320552064404e-8,188122106,189187877,1065771,33.22201768035302,0,27.51273544342257,../data/rdmc/fitted/v5--sweep_chr5--0--226353449_start188122106_end189187877_pops2-4-5-10-11.txt,v5--LR--Crucero_Lagunitas; v5--LR--RANDOM1_Palmar_Chico; v5--LR--San_Lorenzo; v5--Teo--RANDOM1_Palmar_Chico; v5--Teo--San_Lorenzo,both,5,3,2,migration
40589466.10526316,1e-5,393404.22972094984,data/rdmc/sweep_freq/v5--sweep--chr5--0--226353449_start40062361_end41046436_pops1-2.txt,0.001,100,NA,NA,1-2,standing,v5--LR--Amatlan_de_Canas; v5--LR--Crucero_Lagunitas,393404.24829917273,20823,0.12817766026145705,9.35531271971856e-10,40062361,41046436,984075,-0.018578222894575447,0,32.96460846852278,../data/rdmc/fitted/v5--sweep_chr5--0--226353449_start40062361_end41046436_pops1-2.txt,v5--LR--Amatlan_de_Canas; v5--LR--Crucero_Lagunitas,Maize,2,2,0,neutral
44572816.578947365,1e-5,1423345.117357359,data/rdmc/sweep_freq/v5--sweep--chr5--0--226353449_start44104959_end47171587_pops4-5.txt,0.001,100,NA,NA,4-5,standing,v5--LR--random1_Palmar_Chico; v5--LR--San_Lorenzo,1423345.1173573595,74297,0.6077398123106974,2.0084794992641587e-9,44104959,47171587,3066628,-4.656612873077393e-10,0,-0,../data/rdmc/fitted/v5--sweep_chr5--0--226353449_start44104959_end47171587_pops4-5.txt,v5--LR--RANDOM1_Palmar_Chico; v5--LR--San_Lorenzo,Maize,2,2,0,neutral
53307465.2631579,5.336699231206312e-5,635835.5548745379,data/rdmc/sweep_freq/v5--sweep--chr5--0--226353449_start53256933_end54879560_pops1-2-3-4-5.txt,NA,NA,0.1,2,1-2-3-4-5,migration,v5--LR--Amatlan_de_Canas; v5--LR--Crucero_Lagunitas; v5--LR--Los_Guajes; v5--LR--random1_Palmar_Chico; v5--LR--San_Lorenzo,635823.1244219857,32533,0.31892817071630475,1.968744801136306e-9,53256933,54879560,1622627,12.430452552158386,0,11.249778023804538,../data/rdmc/fitted/v5--sweep_chr5--0--226353449_start53256933_end54879560_pops1-2-3-4-5.txt,v5--LR--Amatlan_de_Canas; v5--LR--Crucero_Lagunitas; v5--LR--Los_Guajes; v5--LR--RANDOM1_Palmar_Chico; v5--LR--San_Lorenzo,Maize,5,5,0,migration
69353329.84210527,1e-5,222275.71789517903,data/rdmc/sweep_freq/v5--sweep--chr5--0--226353449_start69144989_end69753981_pops3-4.txt,0.001,100,NA,NA,3-4,standing,v5--LR--Los_Guajes; v5--LR--random1_Palmar_Chico,222275.71789517903,11690,0.13606365779016016,2.196786749496517e-9,69144989,69753981,608992,0,0,-0,../data/rdmc/fitted/v5--sweep_chr5--0--226353449_start69144989_end69753981_pops3-4.txt,v5--LR--Los_Guajes; v5--LR--RANDOM1_Palmar_Chico,Maize,2,2,0,standing
87885613.15789473,2.310129700083158e-5,267039.2818828742,data/rdmc/sweep_freq/v5--sweep--chr5--0--226353449_start87300896_end88116324_pops2-4-5.txt,NA,NA,0.1,2,2-4-5,migration,v5--LR--Crucero_Lagunitas; v5--LR--random1_Palmar_Chico; v5--LR--San_Lorenzo,267032.96536979947,14164,0.1229466992945305,1.5885108978445774e-9,87300896,88116324,815428,6.3165130747365765,0,4.356861499371007,../data/rdmc/fitted/v5--sweep_chr5--0--226353449_start87300896_end88116324_pops2-4-5.txt,v5--LR--Crucero_Lagunitas; v5--LR--RANDOM1_Palmar_Chico; v5--LR--San_Lorenzo,Maize,3,3,0,migration
101151005.68421052,1.232846739442066e-4,631357.338812877,data/rdmc/sweep_freq/v5--sweep--chr6--0--181357234_start100267492_end101617687_pops1-4-5.txt,NA,NA,0.1,5,1-4-5,migration,v5--LR--Amatlan_de_Canas; v5--LR--random1_Palmar_Chico; v5--LR--San_Lorenzo,631357.1952516555,33567,1.0814281351372976,7.953813982346487e-9,100267492,101617687,1350195,0.14356122142635286,0,0.03427525726146996,../data/rdmc/fitted/v5--sweep_chr6--0--181357234_start100267492_end101617687_pops1-4-5.txt,v5--LR--Amatlan_de_Canas; v5--LR--RANDOM1_Palmar_Chico; v5--LR--San_Lorenzo,Maize,3,3,0,migration
109122328.89473684,1e-5,327035.7625237697,data/rdmc/sweep_freq/v5--sweep--chr6--0--181357234_start108331538_end109335029_pops1-3-4.txt,NA,NA,0.1,1,1-3-4,migration,v5--LR--Amatlan_de_Canas; v5--LR--Los_Guajes; v5--LR--random1_Palmar_Chico,327034.81753604923,17986,0.7897437765788524,7.935822699797859e-9,108331538,109335029,1003491,0.944987720460631,0,0.21783337579108775,../data/rdmc/fitted/v5--sweep_chr6--0--181357234_start108331538_end109335029_pops1-3-4.txt,v5--LR--Amatlan_de_Canas; v5--LR--Los_Guajes; v5--LR--RANDOM1_Palmar_Chico,Maize,3,3,0,migration
145569266.57894737,2.848035868435802e-4,558434.231155053,data/rdmc/sweep_freq/v5--sweep--chr6--0--181357234_start145015192_end146366181_pops2-3-5-8.txt,NA,NA,0.1,8,2-3-5-8,migration,v5--LR--Crucero_Lagunitas; v5--LR--Los_Guajes; v5--LR--San_Lorenzo; v5--Teo--El_Rodeo,558375.7031479964,29627,0.44743885579494247,5.489053563877197e-9,145015192,146366181,1350989,58.52800705656409,0,58.08234324667137,../data/rdmc/fitted/v5--sweep_chr6--0--181357234_start145015192_end146366181_pops2-3-5-8.txt,v5--LR--Crucero_Lagunitas; v5--LR--Los_Guajes; v5--LR--San_Lorenzo; v5--Teo--El_Rodeo,both,4,3,1,migration
16747720,6.579332246575682e-4,282160.0877634329,data/rdmc/sweep_freq/v5--sweep--chr6--0--181357234_start15367626_end16700305_pops6-7-11.txt,NA,NA,0.001,11,6-7-11,migration,v5--Teo--Amatlan_de_Canas; v5--Teo--Crucero_Lagunitas; v5--Teo--San_Lorenzo,282048.18041389226,14860,0.29034690391164464,1.631021397110549e-9,15367626,16700305,1332679,111.90734954061918,0,111.89948579156771,../data/rdmc/fitted/v5--sweep_chr6--0--181357234_start15367626_end16700305_pops6-7-11.txt,v5--Teo--Amatlan_de_Canas; v5--Teo--Crucero_Lagunitas; v5--Teo--San_Lorenzo,Teosinte,3,0,3,migration
20756216.157894734,2.848035868435802e-4,536613.8666969629,data/rdmc/sweep_freq/v5--sweep--chr6--0--181357234_start17264686_end22384766_pops1-2-3-4-5-7-8.txt,NA,NA,0.1,4,1-2-3-4-5-7-8,migration,v5--LR--Amatlan_de_Canas; v5--LR--Crucero_Lagunitas; v5--LR--Los_Guajes; v5--LR--random1_Palmar_Chico; v5--LR--San_Lorenzo; v5--Teo--Crucero_Lagunitas; v5--Teo--El_Rodeo,536527.4271760618,28295,1.1154969619690362,1.796319737926697e-9,17264686,22384766,5120080,86.43952090106905,0,25.461086520459503,../data/rdmc/fitted/v5--sweep_chr6--0--181357234_start17264686_end22384766_pops1-2-3-4-5-7-8.txt,v5--LR--Amatlan_de_Canas; v5--LR--Crucero_Lagunitas; v5--LR--Los_Guajes; v5--LR--RANDOM1_Palmar_Chico; v5--LR--San_Lorenzo; v5--Teo--Crucero_Lagunitas; v5--Teo--El_Rodeo,both,7,5,2,migration
24121521.05263158,5.336699231206312e-5,341269.06498287525,data/rdmc/sweep_freq/v5--sweep--chr6--0--181357234_start23178425_end24953833_pops3-4-5-7-8.txt,NA,NA,0.1,5,3-4-5-7-8,migration,v5--LR--Los_Guajes; v5--LR--random1_Palmar_Chico; v5--LR--San_Lorenzo; v5--Teo--Crucero_Lagunitas; v5--Teo--El_Rodeo,341192.985629668,18168,0.38680298555013337,2.042354038492008e-9,23178425,24953833,1775408,76.07935320725664,0,72.81332001945702,../data/rdmc/fitted/v5--sweep_chr6--0--181357234_start23178425_end24953833_pops3-4-5-7-8.txt,v5--LR--Los_Guajes; v5--LR--RANDOM1_Palmar_Chico; v5--LR--San_Lorenzo; v5--Teo--Crucero_Lagunitas; v5--Teo--El_Rodeo,both,5,3,2,migration
33745985.473684214,1.232846739442066e-4,685882.0732818496,data/rdmc/sweep_freq/v5--sweep--chr6--0--181357234_start33455706_end34812314_pops1-2-3-4-5.txt,NA,NA,0.1,2,1-2-3-4-5,migration,v5--LR--Amatlan_de_Canas; v5--LR--Crucero_Lagunitas; v5--LR--Los_Guajes; v5--LR--random1_Palmar_Chico; v5--LR--San_Lorenzo,685870.13402319106,36451,0.3593288987258205,2.6550868851344382e-9,33455706,34812314,1356608,11.939258658559993,0,11.609549065120518,../data/rdmc/fitted/v5--sweep_chr6--0--181357234_start33455706_end34812314_pops1-2-3-4-5.txt,v5--LR--Amatlan_de_Canas; v5--LR--Crucero_Lagunitas; v5--LR--Los_Guajes; v5--LR--RANDOM1_Palmar_Chico; v5--LR--San_Lorenzo,Maize,5,5,0,migration
59722336.10526316,1e-5,1362268.5373441328,data/rdmc/sweep_freq/v5--sweep--chr6--0--181357234_start54212041_end64565149_pops1-2-3-4-7-8-10.txt,0.001,100,NA,NA,1-2-3-4-7-8-10,standing,v5--LR--Amatlan_de_Canas; v5--LR--Crucero_Lagunitas; v5--LR--Los_Guajes; v5--LR--random1_Palmar_Chico; v5--Teo--Crucero_Lagunitas; v5--Teo--El_Rodeo; v5--Teo--random1_Palmar_Chico,1362271.9971833178,68318,0.27327222029905585,2.6051150237800377e-10,54212041,64565149,10353108,-3.4598391850013286,0,306.36210820800625,../data/rdmc/fitted/v5--sweep_chr6--0--181357234_start54212041_end64565149_pops1-2-3-4-7-8-10.txt,v5--LR--Amatlan_de_Canas; v5--LR--Crucero_Lagunitas; v5--LR--Los_Guajes; v5--LR--RANDOM1_Palmar_Chico; v5--Teo--Crucero_Lagunitas; v5--Teo--El_Rodeo; v5--Teo--RANDOM1_Palmar_Chico,both,7,4,3,neutral
92424802.63157897,2.310129700083158e-5,638359.8444286289,data/rdmc/sweep_freq/v5--sweep--chr6--0--181357234_start91251146_end92746760_pops1-5.txt,0.00630957344480193,100000,NA,NA,1-5,standing,v5--LR--Amatlan_de_Canas; v5--LR--San_Lorenzo,638354.2347997122,35021,0.4569525798101424,2.9920300645445335e-9,91251146,92746760,1495614,5.609628916718066,0,3.3237249220255762,../data/rdmc/fitted/v5--sweep_chr6--0--181357234_start91251146_end92746760_pops1-5.txt,v5--LR--Amatlan_de_Canas; v5--LR--San_Lorenzo,Maize,2,2,0,standing
99844631.63157897,5.336699231206312e-5,261535.398238172,data/rdmc/sweep_freq/v5--sweep--chr6--0--181357234_start99105907_end99822916_pops1-2-4.txt,NA,NA,0.1,2,1-2-4,migration,v5--LR--Amatlan_de_Canas; v5--LR--Crucero_Lagunitas; v5--LR--random1_Palmar_Chico,261533.4761399683,14103,0.6083994615994897,8.389421883843446e-9,99105907,99822916,717009,1.9220982037077192,0,1.9220982037077192,../data/rdmc/fitted/v5--sweep_chr6--0--181357234_start99105907_end99822916_pops1-2-4.txt,v5--LR--Amatlan_de_Canas; v5--LR--Crucero_Lagunitas; v5--LR--RANDOM1_Palmar_Chico,Maize,3,3,0,migration
103036685.57894737,1e-5,202182.9939997007,data/rdmc/sweep_freq/v5--sweep--chr7--0--185808916_start103020562_end103599115_pops2-5.txt,0.001,100,NA,NA,2-5,standing,v5--LR--Crucero_Lagunitas; v5--LR--San_Lorenzo,202182.99399970713,10498,0.06226081523291071,1.4894209057644526e-9,103020562,103599115,578553,-6.4319465309381485e-9,0,17.00533747774898,../data/rdmc/fitted/v5--sweep_chr7--0--185808916_start103020562_end103599115_pops2-5.txt,v5--LR--Crucero_Lagunitas; v5--LR--San_Lorenzo,Maize,2,2,0,neutral
124571738.5263158,6.579332246575682e-4,800533.8858920977,data/rdmc/sweep_freq/v5--sweep--chr7--0--185808916_start123923268_end125816282_pops1-2-3-4-5.txt,NA,NA,0.00630957344480193,2,1-2-3-4-5,migration,v5--LR--Amatlan_de_Canas; v5--LR--Crucero_Lagunitas; v5--LR--Los_Guajes; v5--LR--random1_Palmar_Chico; v5--LR--San_Lorenzo,800510.5204441069,43381,0.8873866101019701,4.972106104593967e-9,123923268,125816282,1893014,23.365447990829125,0,15.96914249798283,../data/rdmc/fitted/v5--sweep_chr7--0--185808916_start123923268_end125816282_pops1-2-3-4-5.txt,v5--LR--Amatlan_de_Canas; v5--LR--Crucero_Lagunitas; v5--LR--Los_Guajes; v5--LR--RANDOM1_Palmar_Chico; v5--LR--San_Lorenzo,Maize,5,5,0,migration
129041089.31578948,5.336699231206312e-5,588823.2825453158,data/rdmc/sweep_freq/v5--sweep--chr7--0--185808916_start127910701_end129152953_pops3-4.txt,NA,NA,NA,NA,3-4,independent,v5--LR--Los_Guajes; v5--LR--random1_Palmar_Chico,588820.2949100392,31935,0.6123723196373305,4.91981971075014e-9,127910701,129152953,1242252,2.9876352766295895,0,0.006097349454648793,../data/rdmc/fitted/v5--sweep_chr7--0--185808916_start127910701_end129152953_pops3-4.txt,v5--LR--Los_Guajes; v5--LR--RANDOM1_Palmar_Chico,Maize,2,2,0,independent
141592646.7368421,1e-5,706606.0042744438,data/rdmc/sweep_freq/v5--sweep--chr7--0--185808916_start139805919_end141529353_pops3-4-5.txt,NA,NA,0.1,5,3-4-5,migration,v5--LR--Los_Guajes; v5--LR--random1_Palmar_Chico; v5--LR--San_Lorenzo,706605.7343173843,37557,1.273435525839716,7.575515059469835e-9,139805919,141529353,1723434,0.26995705952867866,0,0.26995705952867866,../data/rdmc/fitted/v5--sweep_chr7--0--185808916_start139805919_end141529353_pops3-4-5.txt,v5--LR--Los_Guajes; v5--LR--RANDOM1_Palmar_Chico; v5--LR--San_Lorenzo,Maize,3,3,0,migration
155502562.2631579,5.336699231206312e-5,485860.0686434165,data/rdmc/sweep_freq/v5--sweep--chr7--0--185808916_start155034013_end156191793_pops1-2-4-5.txt,NA,NA,0.1,2,1-2-4-5,migration,v5--LR--Amatlan_de_Canas; v5--LR--Crucero_Lagunitas; v5--LR--random1_Palmar_Chico; v5--LR--San_Lorenzo,485857.9561756203,25951,0.9996475117913804,8.345432994028954e-9,155034013,156191793,1157780,2.1124677961925045,0,1.795065195299685,../data/rdmc/fitted/v5--sweep_chr7--0--185808916_start155034013_end156191793_pops1-2-4-5.txt,v5--LR--Amatlan_de_Canas; v5--LR--Crucero_Lagunitas; v5--LR--RANDOM1_Palmar_Chico; v5--LR--San_Lorenzo,Maize,4,4,0,migration
159656611.15789473,1e-5,615292.5283519998,data/rdmc/sweep_freq/v5--sweep--chr7--0--185808916_start158792807_end159992486_pops3-4-5.txt,0.001,100,NA,NA,3-4-5,standing,v5--LR--Los_Guajes; v5--LR--random1_Palmar_Chico; v5--LR--San_Lorenzo,615292.5283520053,32039,0.7283072228666185,2.455236612640374e-9,158792807,159992486,1199679,-5.471520125865936e-9,0,-0,../data/rdmc/fitted/v5--sweep_chr7--0--185808916_start158792807_end159992486_pops3-4-5.txt,v5--LR--Los_Guajes; v5--LR--RANDOM1_Palmar_Chico; v5--LR--San_Lorenzo,Maize,3,3,0,neutral
36348212.578947365,1e-5,267929.2184809313,data/rdmc/sweep_freq/v5--sweep--chr7--0--185808916_start36318181_end37456915_pops4-5.txt,0.001,100000,NA,NA,4-5,standing,v5--LR--random1_Palmar_Chico; v5--LR--San_Lorenzo,267928.71666655986,14045,0.05618003914280223,6.08280607376677e-10,36318181,37456915,1138734,0.5018143714405596,0,78.7475215443992,../data/rdmc/fitted/v5--sweep_chr7--0--185808916_start36318181_end37456915_pops4-5.txt,v5--LR--RANDOM1_Palmar_Chico; v5--LR--San_Lorenzo,Maize,2,2,0,standing
39184394.2631579,1e-5,706469.2168262113,data/rdmc/sweep_freq/v5--sweep--chr7--0--185808916_start37862025_end40089398_pops1-2-3-4-5.txt,NA,NA,0.1,2,1-2-3-4-5,migration,v5--LR--Amatlan_de_Canas; v5--LR--Crucero_Lagunitas; v5--LR--Los_Guajes; v5--LR--random1_Palmar_Chico; v5--LR--San_Lorenzo,706437.0576269351,37500,0.21914475236938105,5.623523378455531e-10,37862025,40089398,2227373,32.15919927624054,0,32.35027265793178,../data/rdmc/fitted/v5--sweep_chr7--0--185808916_start37862025_end40089398_pops1-2-3-4-5.txt,v5--LR--Amatlan_de_Canas; v5--LR--Crucero_Lagunitas; v5--LR--Los_Guajes; v5--LR--RANDOM1_Palmar_Chico; v5--LR--San_Lorenzo,Maize,5,5,0,migration
54118149.2631579,2.310129700083158e-5,94014.0882454024,data/rdmc/sweep_freq/v5--sweep--chr7--0--185808916_start54063809_end56276083_pops1-4-5-6-7-8-9-10.txt,0.00251188643150957,100,NA,NA,1-4-5-6-7-8-9-10,standing,v5--LR--Amatlan_de_Canas; v5--LR--random1_Palmar_Chico; v5--LR--San_Lorenzo; v5--Teo--Amatlan_de_Canas; v5--Teo--Crucero_Lagunitas; v5--Teo--El_Rodeo; v5--Teo--Los_Guajes; v5--Teo--random1_Palmar_Chico,94011.95035400629,4852,0.0194076534366232,1.4080679106789028e-9,54063809,56276083,2212274,2.1378913961088983,0,0.5473083796387073,../data/rdmc/fitted/v5--sweep_chr7--0--185808916_start54063809_end56276083_pops1-4-5-6-7-8-9-10.txt,v5--LR--Amatlan_de_Canas; v5--LR--RANDOM1_Palmar_Chico; v5--LR--San_Lorenzo; v5--Teo--Amatlan_de_Canas; v5--Teo--Crucero_Lagunitas; v5--Teo--El_Rodeo; v5--Teo--Los_Guajes; v5--Teo--RANDOM1_Palmar_Chico,both,8,3,5,standing
60396800.10526316,5.336699231206312e-5,91378.69299971937,data/rdmc/sweep_freq/v5--sweep--chr7--0--185808916_start58309725_end60454150_pops1-2-4-5-6-7-8-10.txt,NA,NA,0.1,2,1-2-4-5-6-7-8-10,migration,v5--LR--Amatlan_de_Canas; v5--LR--Crucero_Lagunitas; v5--LR--random1_Palmar_Chico; v5--LR--San_Lorenzo; v5--Teo--Amatlan_de_Canas; v5--Teo--Crucero_Lagunitas; v5--Teo--El_Rodeo; v5--Teo--random1_Palmar_Chico,91366.61982895904,4703,0.01881243336984539,1.2287952028885503e-9,58309725,60454150,2144425,12.07317076032632,0,7.333276355479029,../data/rdmc/fitted/v5--sweep_chr7--0--185808916_start58309725_end60454150_pops1-2-4-5-6-7-8-10.txt,v5--LR--Amatlan_de_Canas; v5--LR--Crucero_Lagunitas; v5--LR--RANDOM1_Palmar_Chico; v5--LR--San_Lorenzo; v5--Teo--Amatlan_de_Canas; v5--Teo--Crucero_Lagunitas; v5--Teo--El_Rodeo; v5--Teo--RANDOM1_Palmar_Chico,both,8,4,4,migration
80598754.84210527,1e-5,90602.35743698814,data/rdmc/sweep_freq/v5--sweep--chr7--0--185808916_start79730853_end81849760_pops1-2-4-5-11.txt,NA,NA,0.1,2,1-2-4-5-11,migration,v5--LR--Amatlan_de_Canas; v5--LR--Crucero_Lagunitas; v5--LR--random1_Palmar_Chico; v5--LR--San_Lorenzo; v5--Teo--San_Lorenzo,90575.40844912195,4647,0.01858857118080692,3.5202766849660217e-10,79730853,81849760,2118907,26.948987866184325,0,26.359390093915863,../data/rdmc/fitted/v5--sweep_chr7--0--185808916_start79730853_end81849760_pops1-2-4-5-11.txt,v5--LR--Amatlan_de_Canas; v5--LR--Crucero_Lagunitas; v5--LR--RANDOM1_Palmar_Chico; v5--LR--San_Lorenzo; v5--Teo--San_Lorenzo,both,5,4,1,migration
85363080.26315789,1e-5,79268.58204663616,data/rdmc/sweep_freq/v5--sweep--chr7--0--185808916_start84555979_end86545621_pops2-5.txt,0.001,100,NA,NA,2-5,standing,v5--LR--Crucero_Lagunitas; v5--LR--San_Lorenzo,79269.34935326115,4364,0.01745456593484817,1.3825924504983375e-10,84555979,86545621,1989642,-0.7673066249844851,0,76.70563730527647,../data/rdmc/fitted/v5--sweep_chr7--0--185808916_start84555979_end86545621_pops2-5.txt,v5--LR--Crucero_Lagunitas; v5--LR--San_Lorenzo,Maize,2,2,0,neutral
124053482.15789472,2.310129700083158e-5,419564.2392604231,data/rdmc/sweep_freq/v5--sweep--chr8--0--182411202_start123261467_end124595260_pops3-4.txt,NA,NA,NA,NA,3-4,independent,v5--LR--Los_Guajes; v5--LR--random1_Palmar_Chico,419563.4871977288,21984,0.7132276555200718,5.6978788241662464e-9,123261467,124595260,1333793,0.7520626942859963,0,0.004035218968056142,../data/rdmc/fitted/v5--sweep_chr8--0--182411202_start123261467_end124595260_pops3-4.txt,v5--LR--Los_Guajes; v5--LR--RANDOM1_Palmar_Chico,Maize,2,2,0,independent
48874157,2.310129700083158e-5,1932607.8117466592,data/rdmc/sweep_freq/v5--sweep--chr8--0--182411202_start41255168_end54077612_pops1-3-4-5-6-7-8-10.txt,0.00251188643150957,100,NA,NA,1-3-4-5-6-7-8-10,standing,v5--LR--Amatlan_de_Canas; v5--LR--Los_Guajes; v5--LR--random1_Palmar_Chico; v5--LR--San_Lorenzo; v5--Teo--Amatlan_de_Canas; v5--Teo--Crucero_Lagunitas; v5--Teo--El_Rodeo; v5--Teo--random1_Palmar_Chico,1932600.009231967,100000,0.6112204867626687,6.365790026277208e-10,41255168,54077612,12822444,7.802514692302793,0,236.3113457004074,../data/rdmc/fitted/v5--sweep_chr8--0--182411202_start41255168_end54077612_pops1-3-4-5-6-7-8-10.txt,v5--LR--Amatlan_de_Canas; v5--LR--Los_Guajes; v5--LR--RANDOM1_Palmar_Chico; v5--LR--San_Lorenzo; v5--Teo--Amatlan_de_Canas; v5--Teo--Crucero_Lagunitas; v5--Teo--El_Rodeo; v5--Teo--RANDOM1_Palmar_Chico,both,8,4,4,standing
80163390.36842105,1e-5,500612.02915575873,data/rdmc/sweep_freq/v5--sweep--chr8--0--182411202_start79177328_end80341516_pops2-4-5.txt,0.001,100000,NA,NA,2-4-5,standing,v5--LR--Crucero_Lagunitas; v5--LR--random1_Palmar_Chico; v5--LR--San_Lorenzo,500612.0291575985,25493,0.10197211233811032,8.86926667953169e-10,79177328,80341516,1164188,-1.8397695384919643e-6,0,63.24447452527238,../data/rdmc/fitted/v5--sweep_chr8--0--182411202_start79177328_end80341516_pops2-4-5.txt,v5--LR--Crucero_Lagunitas; v5--LR--RANDOM1_Palmar_Chico; v5--LR--San_Lorenzo,Maize,3,3,0,neutral
97600347.26315787,2.310129700083158e-5,1989797.5955004173,data/rdmc/sweep_freq/v5--sweep--chr8--0--182411202_start97720678_end100991774_pops1-2-3-4-5-6-7-10.txt,0.03981071705534973,10000,NA,NA,1-2-3-4-5-6-7-10,standing,v5--LR--Amatlan_de_Canas; v5--LR--Crucero_Lagunitas; v5--LR--Los_Guajes; v5--LR--random1_Palmar_Chico; v5--LR--San_Lorenzo; v5--Teo--Amatlan_de_Canas; v5--Teo--Crucero_Lagunitas; v5--Teo--random1_Palmar_Chico,1989795.000561671,100000,0.5073334698548138,1.594836627948876e-9,97720678,100991774,3271096,2.594938746187836,0,19.18401232128963,../data/rdmc/fitted/v5--sweep_chr8--0--182411202_start97720678_end100991774_pops1-2-3-4-5-6-7-10.txt,v5--LR--Amatlan_de_Canas; v5--LR--Crucero_Lagunitas; v5--LR--Los_Guajes; v5--LR--RANDOM1_Palmar_Chico; v5--LR--San_Lorenzo; v5--Teo--Amatlan_de_Canas; v5--Teo--Crucero_Lagunitas; v5--Teo--RANDOM1_Palmar_Chico,both,8,5,3,standing
114384611.05263156,1.232846739442066e-4,219994.26110503016,data/rdmc/sweep_freq/v5--sweep--chr9--0--163004744_start114369408_end114905867_pops2-4.txt,NA,NA,0.001,2,2-4,migration,v5--LR--Crucero_Lagunitas; v5--LR--random1_Palmar_Chico,219988.22291453785,11479,0.17442688502995196,2.991281065776557e-9,114369408,114905867,536459,6.038190492312424,0,6.038190492312424,../data/rdmc/fitted/v5--sweep_chr9--0--163004744_start114369408_end114905867_pops2-4.txt,v5--LR--Crucero_Lagunitas; v5--LR--RANDOM1_Palmar_Chico,Maize,2,2,0,migration
156394967.68421054,0.00811130830789687,268408.10529686627,data/rdmc/sweep_freq/v5--sweep--chr9--0--163004744_start156274637_end156832957_pops2-8.txt,NA,NA,0.001,8,2-8,migration,v5--LR--Crucero_Lagunitas; v5--Teo--El_Rodeo,268056.7167066684,13879,1.4820915370444825,2.6550885380796453e-8,156274637,156832957,558320,351.3885901978938,0,299.0873242605012,../data/rdmc/fitted/v5--sweep_chr9--0--163004744_start156274637_end156832957_pops2-8.txt,v5--LR--Crucero_Lagunitas; v5--Teo--El_Rodeo,both,2,1,1,migration
23733556.57894737,1e-5,270730.23166754365,data/rdmc/sweep_freq/v5--sweep--chr9--0--163004744_start23177405_end23730022_pops4-5.txt,0.1,100000,NA,NA,4-5,standing,v5--LR--random1_Palmar_Chico; v5--LR--San_Lorenzo,270729.3016066973,13807,1.0389342971982032,1.797153497536901e-8,23177405,23730022,552617,0.9300608463236131,0,0.8189734009793028,../data/rdmc/fitted/v5--sweep_chr9--0--163004744_start23177405_end23730022_pops4-5.txt,v5--LR--RANDOM1_Palmar_Chico; v5--LR--San_Lorenzo,Maize,2,2,0,standing
55035787.526315786,6.579332246575682e-4,1422801.2520232026,data/rdmc/sweep_freq/v5--sweep--chr9--0--163004744_start54686688_end67982374_pops1-2-3-4-5-8.txt,NA,NA,0.1,2,1-2-3-4-5-8,migration,v5--LR--Amatlan_de_Canas; v5--LR--Crucero_Lagunitas; v5--LR--Los_Guajes; v5--LR--random1_Palmar_Chico; v5--LR--San_Lorenzo; v5--Teo--El_Rodeo,1422239.9214858843,74398,0.29759206850798847,3.1061290540555207e-10,54686688,67982374,13295686,561.330537318252,0,556.5450492876116,../data/rdmc/fitted/v5--sweep_chr9--0--163004744_start54686688_end67982374_pops1-2-3-4-5-8.txt,v5--LR--Amatlan_de_Canas; v5--LR--Crucero_Lagunitas; v5--LR--Los_Guajes; v5--LR--RANDOM1_Palmar_Chico; v5--LR--San_Lorenzo; v5--Teo--El_Rodeo,both,6,5,1,migration
69477136.4736842,1e-5,65923.35740722269,data/rdmc/sweep_freq/v5--sweep--chr9--0--163004744_start68705228_end70356995_pops3-4-5-11.txt,0.001,100,NA,NA,3-4-5-11,standing,v5--LR--Los_Guajes; v5--LR--random1_Palmar_Chico; v5--LR--San_Lorenzo; v5--Teo--San_Lorenzo,65924.53103614958,3606,0.01442577533541111,2.653660999106347e-10,68705228,70356995,1651767,-1.173628926888341,0,7.051240730899735,../data/rdmc/fitted/v5--sweep_chr9--0--163004744_start68705228_end70356995_pops3-4-5-11.txt,v5--LR--Los_Guajes; v5--LR--RANDOM1_Palmar_Chico; v5--LR--San_Lorenzo; v5--Teo--San_Lorenzo,both,4,3,1,neutral
80842184.73684211,1e-5,74474.22263369012,data/rdmc/sweep_freq/v5--sweep--chr9--0--163004744_start79799381_end81557766_pops1-2-3-4-5.txt,0.001,100,NA,NA,1-2-3-4-5,standing,v5--LR--Amatlan_de_Canas; v5--LR--Crucero_Lagunitas; v5--LR--Los_Guajes; v5--LR--random1_Palmar_Chico; v5--LR--San_Lorenzo,74477.50299396327,3839,0.01535692804321797,1.319680551892586e-10,79799381,81557766,1758385,-3.2803602731437422,0,43.3443382352998,../data/rdmc/fitted/v5--sweep_chr9--0--163004744_start79799381_end81557766_pops1-2-3-4-5.txt,v5--LR--Amatlan_de_Canas; v5--LR--Crucero_Lagunitas; v5--LR--Los_Guajes; v5--LR--RANDOM1_Palmar_Chico; v5--LR--San_Lorenzo,Maize,5,5,0,neutral
